<?xml version="1.0"?>
<doc>
    <assembly>
        <name>Skybrud.Social.UptimeRobot</name>
    </assembly>
    <members>
        <member name="T:Skybrud.Social.UptimeRobot.Endpoints.Raw.UptimeRobotAccountsRawEndpoint">
            <summary>
            Class representing the raw implementation of the accounts endpoint.
            </summary>
        </member>
        <member name="P:Skybrud.Social.UptimeRobot.Endpoints.Raw.UptimeRobotAccountsRawEndpoint.Client">
            <summary>
            Gets a reference to the Uptime Robot client.
            </summary>
        </member>
        <member name="M:Skybrud.Social.UptimeRobot.Endpoints.Raw.UptimeRobotAccountsRawEndpoint.GetAccountDetails">
            <summary>
            Gets the details of the account behind the current <see cref="P:Skybrud.Social.UptimeRobot.UptimeRobotClient.ApiKey"/>.
            </summary>
            <returns>An instance of <see cref="T:Skybrud.Social.Http.SocialHttpResponse"/> representing the response.</returns>
        </member>
        <member name="T:Skybrud.Social.UptimeRobot.Endpoints.Raw.UptimeRobotMonitorsRawEndpoint">
            <summary>
            Class representing the raw implementation of the monitors endpoint.
            </summary>
        </member>
        <member name="P:Skybrud.Social.UptimeRobot.Endpoints.Raw.UptimeRobotMonitorsRawEndpoint.Client">
            <summary>
            Gets a reference to the Uptime Robot client.
            </summary>
        </member>
        <member name="M:Skybrud.Social.UptimeRobot.Endpoints.Raw.UptimeRobotMonitorsRawEndpoint.GetMonitors">
            <summary>
            Gets a list of monitors.
            </summary>
            <returns>An instance of <see cref="T:Skybrud.Social.Http.SocialHttpResponse"/> representing the raw response.</returns>
        </member>
        <member name="M:Skybrud.Social.UptimeRobot.Endpoints.Raw.UptimeRobotMonitorsRawEndpoint.GetMonitors(Skybrud.Social.UptimeRobot.Options.UptimeRobotGetMonitorsOptions)">
            <summary>
            Gets a list of monitors matching the specified <paramref name="options"/>.
            </summary>
            <param name="options">The options for the call to the API.</param>
            <returns>An instance of <see cref="T:Skybrud.Social.Http.SocialHttpResponse"/> representing the raw response.</returns>
        </member>
        <member name="T:Skybrud.Social.UptimeRobot.Endpoints.UptimeRobotAccountsEndpoint">
            <summary>
            Class representing the implementation of the <strong>Accounts</strong> endpoint.
            </summary>
        </member>
        <member name="P:Skybrud.Social.UptimeRobot.Endpoints.UptimeRobotAccountsEndpoint.Service">
            <summary>
            Gets a reference to the Uptime Robot service.
            </summary>
        </member>
        <member name="P:Skybrud.Social.UptimeRobot.Endpoints.UptimeRobotAccountsEndpoint.Raw">
            <summary>
            Gets a reference to the raw endpoint.
            </summary>
        </member>
        <member name="M:Skybrud.Social.UptimeRobot.Endpoints.UptimeRobotAccountsEndpoint.GetAccountDetails">
            <summary>
            Gets the details of the account behind the current <see cref="P:Skybrud.Social.UptimeRobot.UptimeRobotClient.ApiKey"/>.
            </summary>
            <returns>An instance of <see cref="T:Skybrud.Social.UptimeRobot.Responses.Accounts.UptimeRobotGetAccountDetailsResponse"/> representing the response.</returns>
        </member>
        <member name="T:Skybrud.Social.UptimeRobot.Endpoints.UptimeRobotMonitorsEndpoint">
            <summary>
            Class representing the implementation of the <strong>Monitors</strong> endpoint.
            </summary>
        </member>
        <member name="P:Skybrud.Social.UptimeRobot.Endpoints.UptimeRobotMonitorsEndpoint.Service">
            <summary>
            Gets a reference to the Uptime Robot service.
            </summary>
        </member>
        <member name="P:Skybrud.Social.UptimeRobot.Endpoints.UptimeRobotMonitorsEndpoint.Raw">
            <summary>
            Gets a reference to the raw endpoint.
            </summary>
        </member>
        <member name="M:Skybrud.Social.UptimeRobot.Endpoints.UptimeRobotMonitorsEndpoint.GetMonitors">
            <summary>
            Gets a list of monitors.
            </summary>
            <returns>An instance of <see cref="T:Skybrud.Social.UptimeRobot.Responses.Monitors.UptimeRobotGetMonitorsResponse"/> representing the response.</returns>
        </member>
        <member name="M:Skybrud.Social.UptimeRobot.Endpoints.UptimeRobotMonitorsEndpoint.GetMonitors(Skybrud.Social.UptimeRobot.Options.UptimeRobotGetMonitorsOptions)">
            <summary>
            Gets a list of monitors matching the specified <paramref name="options"/>.
            </summary>
            <param name="options">The options for the call to the API.</param>
            <returns>An instance of <see cref="T:Skybrud.Social.UptimeRobot.Responses.Monitors.UptimeRobotGetMonitorsResponse"/> representing the response.</returns>
        </member>
        <member name="T:Skybrud.Social.UptimeRobot.Exceptions.UptimeRobotHttpException">
            <summary>
            Class representing an exception/error returned by the Uptime Robot API.
            </summary>
        </member>
        <member name="P:Skybrud.Social.UptimeRobot.Exceptions.UptimeRobotHttpException.Response">
            <summary>
            Gets a reference to the underlying <see cref="T:Skybrud.Social.Http.SocialHttpResponse"/>.
            </summary>
        </member>
        <member name="P:Skybrud.Social.UptimeRobot.Exceptions.UptimeRobotHttpException.Error">
            <summary>
            Gets a reference to the error returned by the API.
            </summary>
        </member>
        <member name="T:Skybrud.Social.UptimeRobot.Models.Accounts.UptimeRobotAccountDetails">
            <summary>
            Class representing the account details of a Uptime Robot user.
            </summary>
        </member>
        <member name="P:Skybrud.Social.UptimeRobot.Models.Accounts.UptimeRobotAccountDetails.Email">
            <summary>
            Gets the email address of the authenticated account.
            </summary>
        </member>
        <member name="P:Skybrud.Social.UptimeRobot.Models.Accounts.UptimeRobotAccountDetails.MonitorLimit">
            <summary>
            Gets the maximum amount of monitors allowed within the current plan.
            </summary>
        </member>
        <member name="P:Skybrud.Social.UptimeRobot.Models.Accounts.UptimeRobotAccountDetails.MonitorInterval">
            <summary>
            Gets the lowest possible interval allowed within the current plan.
            </summary>
        </member>
        <member name="P:Skybrud.Social.UptimeRobot.Models.Accounts.UptimeRobotAccountDetails.UpMonitors">
            <summary>
            Gets the amount of monitors that are currently up.
            </summary>
        </member>
        <member name="P:Skybrud.Social.UptimeRobot.Models.Accounts.UptimeRobotAccountDetails.DownMonitors">
            <summary>
            Gets the amount of monitors that are currently down.
            </summary>
        </member>
        <member name="P:Skybrud.Social.UptimeRobot.Models.Accounts.UptimeRobotAccountDetails.PausedMonitors">
            <summary>
            Gets the amount of monitors that are currently paused.
            </summary>
        </member>
        <member name="M:Skybrud.Social.UptimeRobot.Models.Accounts.UptimeRobotAccountDetails.#ctor(Newtonsoft.Json.Linq.JObject)">
            <summary>
            Initializes a new instance from the specified <paramref name="obj"/>.
            </summary>
            <param name="obj">The instance of <see cref="T:Newtonsoft.Json.Linq.JObject"/> representing the account details.</param>
        </member>
        <member name="M:Skybrud.Social.UptimeRobot.Models.Accounts.UptimeRobotAccountDetails.Parse(Newtonsoft.Json.Linq.JObject)">
            <summary>
            Parses the specified <see cref="T:Newtonsoft.Json.Linq.JObject"/> into an instance of <see cref="T:Skybrud.Social.UptimeRobot.Models.Accounts.UptimeRobotAccountDetails"/>.
            </summary>
            <param name="obj">The instance of <see cref="T:Newtonsoft.Json.Linq.JObject"/> to be parsed.</param>
            <returns>An instance of <see cref="T:Skybrud.Social.UptimeRobot.Models.Accounts.UptimeRobotAccountDetails"/>.</returns>
        </member>
        <member name="T:Skybrud.Social.UptimeRobot.Models.Accounts.UptimeRobotAccountEnvelope">
            <summary>
            Class representing the response body of a call to get account details of a Uptime Robot user.
            </summary>
        </member>
        <member name="P:Skybrud.Social.UptimeRobot.Models.Accounts.UptimeRobotAccountEnvelope.Account">
            <summary>
            Gets a reference to the account details of the current user.
            </summary>
        </member>
        <member name="M:Skybrud.Social.UptimeRobot.Models.Accounts.UptimeRobotAccountEnvelope.#ctor(Newtonsoft.Json.Linq.JObject)">
            <summary>
            Initializes a new instance from the specified <paramref name="obj"/>.
            </summary>
            <param name="obj">The instance of <see cref="T:Newtonsoft.Json.Linq.JObject"/> representing the response body.</param>
        </member>
        <member name="M:Skybrud.Social.UptimeRobot.Models.Accounts.UptimeRobotAccountEnvelope.Parse(Newtonsoft.Json.Linq.JObject)">
            <summary>
            Parses the specified <paramref name="obj"/> into an instance of <see cref="T:Skybrud.Social.UptimeRobot.Models.Accounts.UptimeRobotAccountEnvelope"/>.
            </summary>
            <param name="obj">The instance of <see cref="T:Newtonsoft.Json.Linq.JObject"/> to be parsed.</param>
            <returns>An instance of <see cref="T:Skybrud.Social.UptimeRobot.Models.Accounts.UptimeRobotAccountEnvelope"/>.</returns>
        </member>
        <member name="T:Skybrud.Social.UptimeRobot.Models.AlertContacts.UptimeRobotAlertContactStatus">
            <summary>
            Enum class representing the status (or state) of an alert contact.
            </summary>
        </member>
        <member name="F:Skybrud.Social.UptimeRobot.Models.AlertContacts.UptimeRobotAlertContactStatus.NotActivated">
            <summary>
            Indicates that the alert contact hasn't yet been activiated.
            </summary>
        </member>
        <member name="F:Skybrud.Social.UptimeRobot.Models.AlertContacts.UptimeRobotAlertContactStatus.Paused">
            <summary>
            Indicates that the alert contact currently has been paused.
            </summary>
        </member>
        <member name="F:Skybrud.Social.UptimeRobot.Models.AlertContacts.UptimeRobotAlertContactStatus.Active">
            <summary>
            Indicates that the alert contact currently is active.
            </summary>
        </member>
        <member name="T:Skybrud.Social.UptimeRobot.Models.AlertContacts.UptimeRobotAlertContactType">
            <summary>
            Enum class representing the type of an alert contact.
            </summary>
        </member>
        <member name="F:Skybrud.Social.UptimeRobot.Models.AlertContacts.UptimeRobotAlertContactType.Sms">
            <summary>
            Indicates a SMS alert contact.
            </summary>
        </member>
        <member name="F:Skybrud.Social.UptimeRobot.Models.AlertContacts.UptimeRobotAlertContactType.Email">
            <summary>
            Indicates an email alert contact.
            </summary>
        </member>
        <member name="F:Skybrud.Social.UptimeRobot.Models.AlertContacts.UptimeRobotAlertContactType.Twitter">
            <summary>
            Indicates a contact that is alerted through a <strong>Twitter</strong> direct message.
            </summary>
        </member>
        <member name="F:Skybrud.Social.UptimeRobot.Models.AlertContacts.UptimeRobotAlertContactType.Boxcar">
            <summary>
            Indicates a Boxcar alert contact.
            </summary>
        </member>
        <member name="F:Skybrud.Social.UptimeRobot.Models.AlertContacts.UptimeRobotAlertContactType.WebHook">
            <summary>
            Indicates a contact that is alerted through a web hook.
            </summary>
        </member>
        <member name="F:Skybrud.Social.UptimeRobot.Models.AlertContacts.UptimeRobotAlertContactType.Pushbullet">
            <summary>
            Indicates a Pushbullet alert contact.
            </summary>
        </member>
        <member name="F:Skybrud.Social.UptimeRobot.Models.AlertContacts.UptimeRobotAlertContactType.Zapier">
            <summary>
            Indicates a Zapier alert contact.
            </summary>
        </member>
        <member name="F:Skybrud.Social.UptimeRobot.Models.AlertContacts.UptimeRobotAlertContactType.Pushover">
            <summary>
            Indicates a contact that is alerted through <strong>Pushover.net</strong>.
            </summary>
        </member>
        <member name="F:Skybrud.Social.UptimeRobot.Models.AlertContacts.UptimeRobotAlertContactType.HipChat">
            <summary>
            Indicates a HipChat alert contact.
            </summary>
        </member>
        <member name="F:Skybrud.Social.UptimeRobot.Models.AlertContacts.UptimeRobotAlertContactType.Slack">
            <summary>
            Indicates a Slack alert contact.
            </summary>
        </member>
        <member name="T:Skybrud.Social.UptimeRobot.Models.Errors.UptimeRobotError">
            <summary>
            Class representing an error received from the Uptime Robot API.
            </summary>
        </member>
        <member name="P:Skybrud.Social.UptimeRobot.Models.Errors.UptimeRobotError.Type">
            <summary>
            Gets the type of the error.
            </summary>
        </member>
        <member name="M:Skybrud.Social.UptimeRobot.Models.Errors.UptimeRobotError.#ctor(Newtonsoft.Json.Linq.JObject)">
            <summary>
            Initializes a new instance from the specified <paramref name="obj"/>.
            </summary>
            <param name="obj">The instance of <see cref="T:Newtonsoft.Json.Linq.JObject"/> representing the error.</param>
        </member>
        <member name="M:Skybrud.Social.UptimeRobot.Models.Errors.UptimeRobotError.Parse(Newtonsoft.Json.Linq.JObject)">
            <summary>
            Parses the specified <paramref name="obj"/> into an instance of <see cref="T:Skybrud.Social.UptimeRobot.Models.Errors.UptimeRobotError"/>.
            </summary>
            <param name="obj">The instance of <see cref="T:Newtonsoft.Json.Linq.JObject"/> to be parsed.</param>
            <returns>An instance of <see cref="T:Skybrud.Social.UptimeRobot.Models.Errors.UptimeRobotError"/>.</returns>
        </member>
        <member name="T:Skybrud.Social.UptimeRobot.Models.Monitors.UptimeRobotLogEntry">
            <summary>
            Class representing a log entry of a monitor.
            </summary>
        </member>
        <member name="P:Skybrud.Social.UptimeRobot.Models.Monitors.UptimeRobotLogEntry.Type">
            <summary>
            Gets the type of the log entry.
            </summary>
        </member>
        <member name="P:Skybrud.Social.UptimeRobot.Models.Monitors.UptimeRobotLogEntry.DateTime">
            <summary>
            Gets the timestamp of the log entry.
            </summary>
        </member>
        <member name="M:Skybrud.Social.UptimeRobot.Models.Monitors.UptimeRobotLogEntry.#ctor(Newtonsoft.Json.Linq.JObject)">
            <summary>
            Initializes a new instance from the specified <paramref name="obj"/>.
            </summary>
            <param name="obj">The instance of <see cref="T:Newtonsoft.Json.Linq.JObject"/> representing the log entry.</param>
        </member>
        <member name="M:Skybrud.Social.UptimeRobot.Models.Monitors.UptimeRobotLogEntry.Parse(Newtonsoft.Json.Linq.JObject)">
            <summary>
            Parses the specified <paramref name="obj"/> into an instance of <see cref="T:Skybrud.Social.UptimeRobot.Models.Monitors.UptimeRobotLogEntry"/>.
            </summary>
            <param name="obj">The instance of <see cref="T:Newtonsoft.Json.Linq.JObject"/> to be parsed.</param>
            <returns>An instance of <see cref="T:Skybrud.Social.UptimeRobot.Models.Monitors.UptimeRobotLogEntry"/>.</returns>
        </member>
        <member name="T:Skybrud.Social.UptimeRobot.Models.Monitors.UptimeRobotLogType">
            <summary>
            Enum class representing the type of a log entry.
            </summary>
        </member>
        <member name="F:Skybrud.Social.UptimeRobot.Models.Monitors.UptimeRobotLogType.Down">
            <summary>
            Indicates that a monitor is down.
            </summary>
        </member>
        <member name="F:Skybrud.Social.UptimeRobot.Models.Monitors.UptimeRobotLogType.Up">
            <summary>
            Indicates that a monitor is up.
            </summary>
        </member>
        <member name="F:Skybrud.Social.UptimeRobot.Models.Monitors.UptimeRobotLogType.Paused">
            <summary>
            Indicates that a monitor is currently paused.
            </summary>
        </member>
        <member name="F:Skybrud.Social.UptimeRobot.Models.Monitors.UptimeRobotLogType.Started">
            <summary>
            Indicates that a monitor has been started.
            </summary>
        </member>
        <member name="T:Skybrud.Social.UptimeRobot.Models.Monitors.UptimeRobotMonitor">
            <summary>
            Class representing an Uptime Robot monitor.
            </summary>
        </member>
        <member name="P:Skybrud.Social.UptimeRobot.Models.Monitors.UptimeRobotMonitor.Id">
            <summary>
            Gets the ID of the monitor.
            </summary>
        </member>
        <member name="P:Skybrud.Social.UptimeRobot.Models.Monitors.UptimeRobotMonitor.FriendlyName">
            <summary>
            Gets the friendly name of the monitor.
            </summary>
        </member>
        <member name="P:Skybrud.Social.UptimeRobot.Models.Monitors.UptimeRobotMonitor.Url">
            <summary>
            Gets the URL of the monitor. Depending on the monitor type, this property will instead return the IP
            address or hostname the monitor will check.
            </summary>
        </member>
        <member name="P:Skybrud.Social.UptimeRobot.Models.Monitors.UptimeRobotMonitor.Type">
            <summary>
            Gets the type of the monitor.
            </summary>
        </member>
        <member name="P:Skybrud.Social.UptimeRobot.Models.Monitors.UptimeRobotMonitor.SubType">
            <summary>
            Gets the sub type of the monitor.
            </summary>
        </member>
        <member name="P:Skybrud.Social.UptimeRobot.Models.Monitors.UptimeRobotMonitor.Interval">
            <summary>
            Gets the interval of the monitor.
            </summary>
        </member>
        <member name="P:Skybrud.Social.UptimeRobot.Models.Monitors.UptimeRobotMonitor.Status">
            <summary>
            Gets the current status of the monitor.
            </summary>
        </member>
        <member name="P:Skybrud.Social.UptimeRobot.Models.Monitors.UptimeRobotMonitor.Created">
            <summary>
            Gets a timestamp for when the monitor was created.
            </summary>
        </member>
        <member name="P:Skybrud.Social.UptimeRobot.Models.Monitors.UptimeRobotMonitor.AlltimeUptimeRatio">
            <summary>
            Gets the alltime uptime ratio of the monitor.
            </summary>
        </member>
        <member name="P:Skybrud.Social.UptimeRobot.Models.Monitors.UptimeRobotMonitor.Log">
            <summary>
            Gets an array with the log entries of the monitor, or <c>null</c> depending on the options of the
            request to the API.
            </summary>
        </member>
        <member name="M:Skybrud.Social.UptimeRobot.Models.Monitors.UptimeRobotMonitor.#ctor(Newtonsoft.Json.Linq.JObject)">
            <summary>
            Initializes a new instance from the specified <paramref name="obj"/>.
            </summary>
            <param name="obj">The instance of <see cref="T:Newtonsoft.Json.Linq.JObject"/> representing the monitor.</param>
        </member>
        <member name="M:Skybrud.Social.UptimeRobot.Models.Monitors.UptimeRobotMonitor.Parse(Newtonsoft.Json.Linq.JObject)">
            <summary>
            Parses the specified <paramref name="obj"/> into an instance of <see cref="T:Skybrud.Social.UptimeRobot.Models.Monitors.UptimeRobotMonitor"/>.
            </summary>
            <param name="obj">The instance of <see cref="T:Newtonsoft.Json.Linq.JObject"/> to be parsed.</param>
            <returns>An instance of <see cref="T:Skybrud.Social.UptimeRobot.Models.Monitors.UptimeRobotMonitor"/>.</returns>
        </member>
        <member name="T:Skybrud.Social.UptimeRobot.Models.Monitors.UptimeRobotMonitorKeywordType">
            <summary>
            Enum class representing the type of a keyword monitor.
            </summary>
        </member>
        <member name="F:Skybrud.Social.UptimeRobot.Models.Monitors.UptimeRobotMonitorKeywordType.Exists">
            <summary>
            Indicates that a keyword exists on a given page.
            </summary>
        </member>
        <member name="F:Skybrud.Social.UptimeRobot.Models.Monitors.UptimeRobotMonitorKeywordType.NotExists">
            <summary>
            Indicates that a keyword doesn't exist on a given page.
            </summary>
        </member>
        <member name="T:Skybrud.Social.UptimeRobot.Models.Monitors.UptimeRobotMonitorsList">
            <summary>
            Class representing the response body of a call to get a list of monitors of a Uptime Robot user.
            </summary>
        </member>
        <member name="P:Skybrud.Social.UptimeRobot.Models.Monitors.UptimeRobotMonitorsList.Pagination">
            <summary>
            Gets pagination information about the list.
            </summary>
        </member>
        <member name="P:Skybrud.Social.UptimeRobot.Models.Monitors.UptimeRobotMonitorsList.Monitors">
            <summary>
            Gets an array of monitors of the returned page.
            </summary>
        </member>
        <member name="M:Skybrud.Social.UptimeRobot.Models.Monitors.UptimeRobotMonitorsList.#ctor(Newtonsoft.Json.Linq.JObject)">
            <summary>
            Initializes a new instance from the specified <paramref name="obj"/>.
            </summary>
            <param name="obj">The instance of <see cref="T:Newtonsoft.Json.Linq.JObject"/> representing the list.</param>
        </member>
        <member name="M:Skybrud.Social.UptimeRobot.Models.Monitors.UptimeRobotMonitorsList.Parse(Newtonsoft.Json.Linq.JObject)">
            <summary>
            Parses the specified <paramref name="obj"/> into an instance of <see cref="T:Skybrud.Social.UptimeRobot.Models.Monitors.UptimeRobotMonitorsList"/>.
            </summary>
            <param name="obj">The instance of <see cref="T:Newtonsoft.Json.Linq.JObject"/> to be parsed.</param>
            <returns>An instance of <see cref="T:Skybrud.Social.UptimeRobot.Models.Monitors.UptimeRobotMonitorsList"/>.</returns>
        </member>
        <member name="T:Skybrud.Social.UptimeRobot.Models.Monitors.UptimeRobotMonitorStatus">
            <summary>
            Class representing the status of a monitor.
            </summary>
        </member>
        <member name="F:Skybrud.Social.UptimeRobot.Models.Monitors.UptimeRobotMonitorStatus.Paused">
            <summary>
            Indicates that a monitor is currently paused.
            </summary>
        </member>
        <member name="F:Skybrud.Social.UptimeRobot.Models.Monitors.UptimeRobotMonitorStatus.NotCheckedYet">
            <summary>
            Indicates that a monitor hasn't been checked yet.
            </summary>
        </member>
        <member name="F:Skybrud.Social.UptimeRobot.Models.Monitors.UptimeRobotMonitorStatus.Up">
            <summary>
            Indicates that a monitor is up.
            </summary>
        </member>
        <member name="F:Skybrud.Social.UptimeRobot.Models.Monitors.UptimeRobotMonitorStatus.SeemsDown">
            <summary>
            Indicates that a monitor seems to be down.
            </summary>
        </member>
        <member name="F:Skybrud.Social.UptimeRobot.Models.Monitors.UptimeRobotMonitorStatus.Down">
            <summary>
            Indicates that a monitor is currently down.
            </summary>
        </member>
        <member name="T:Skybrud.Social.UptimeRobot.Models.Monitors.UptimeRobotMonitorSubType">
            <summary>
            Enum class representing the sub type of a port monitor.
            </summary>
        </member>
        <member name="F:Skybrud.Social.UptimeRobot.Models.Monitors.UptimeRobotMonitorSubType.Unspecified">
            <summary>
            Indicates a monitor that doesn't have a sub type.
            </summary>
        </member>
        <member name="F:Skybrud.Social.UptimeRobot.Models.Monitors.UptimeRobotMonitorSubType.Http">
            <summary>
            Indicates a port monitor that will check <strong>port 443</strong>.
            </summary>
        </member>
        <member name="F:Skybrud.Social.UptimeRobot.Models.Monitors.UptimeRobotMonitorSubType.Https">
            <summary>
            Indicates a port monitor that will check <strong>port 443</strong>.
            </summary>
        </member>
        <member name="F:Skybrud.Social.UptimeRobot.Models.Monitors.UptimeRobotMonitorSubType.Ftp">
            <summary>
            Indicates a port monitor that will check <strong>port 21</strong>.
            </summary>
        </member>
        <member name="F:Skybrud.Social.UptimeRobot.Models.Monitors.UptimeRobotMonitorSubType.Smtp">
            <summary>
            Indicates a port monitor that will check <strong>port 25</strong>.
            </summary>
        </member>
        <member name="F:Skybrud.Social.UptimeRobot.Models.Monitors.UptimeRobotMonitorSubType.Pop3">
            <summary>
            Indicates a port monitor that will check <strong>port 110</strong>.
            </summary>
        </member>
        <member name="F:Skybrud.Social.UptimeRobot.Models.Monitors.UptimeRobotMonitorSubType.Imap">
            <summary>
            Indicates a port monitor that will check <strong>port 143</strong>.
            </summary>
        </member>
        <member name="F:Skybrud.Social.UptimeRobot.Models.Monitors.UptimeRobotMonitorSubType.CustomPort">
            <summary>
            Indicates a port monitor that will check a custom port number.
            </summary>
        </member>
        <member name="T:Skybrud.Social.UptimeRobot.Models.Monitors.UptimeRobotMonitorType">
            <summary>
            Class representing the type of a monitor.
            </summary>
        </member>
        <member name="F:Skybrud.Social.UptimeRobot.Models.Monitors.UptimeRobotMonitorType.Http">
            <summary>
            Indicates a monitor that checks a given HTTP or HTTPS URL.
            </summary>
        </member>
        <member name="F:Skybrud.Social.UptimeRobot.Models.Monitors.UptimeRobotMonitorType.Keyword">
            <summary>
            Indicates a monitor that will check whether a given URL contains (or doesn't contain) a given keyword.
            </summary>
        </member>
        <member name="F:Skybrud.Social.UptimeRobot.Models.Monitors.UptimeRobotMonitorType.Ping">
            <summary>
            Indicates a monitor that will ping a given IP address or host.
            </summary>
        </member>
        <member name="F:Skybrud.Social.UptimeRobot.Models.Monitors.UptimeRobotMonitorType.Port">
            <summary>
            Indicates a monitor that will check a given port number.
            </summary>
        </member>
        <member name="T:Skybrud.Social.UptimeRobot.Models.UptimeRobotEnvelope">
            <summary>
            Class representing a basic response from the Uptime Robot API.
            </summary>
        </member>
        <member name="P:Skybrud.Social.UptimeRobot.Models.UptimeRobotEnvelope.Status">
            <summary>
            Gets the status of the response.
            </summary>
        </member>
        <member name="M:Skybrud.Social.UptimeRobot.Models.UptimeRobotEnvelope.#ctor(Newtonsoft.Json.Linq.JObject)">
            <summary>
            Initializes a new instance from the specified <paramref name="obj"/>.
            </summary>
            <param name="obj">The instance of <see cref="T:Newtonsoft.Json.Linq.JObject"/> representing the response body.</param>
        </member>
        <member name="T:Skybrud.Social.UptimeRobot.Models.UptimeRobotObject">
            <summary>
            Class representing a basic object from the Uptime Robot API derived from an instance of <see cref="T:Newtonsoft.Json.Linq.JObject"/>.
            </summary>
        </member>
        <member name="M:Skybrud.Social.UptimeRobot.Models.UptimeRobotObject.#ctor(Newtonsoft.Json.Linq.JObject)">
            <summary>
            Initializes a new instance from the specified <paramref name="obj"/>.
            </summary>
            <param name="obj">The instance of <see cref="T:Newtonsoft.Json.Linq.JObject"/> representing the object.</param>
        </member>
        <member name="T:Skybrud.Social.UptimeRobot.Models.Common.UptimeRobotPagination">
            <summary>
            Class representing the response body of a call to get a list of monitors of a Uptime Robot user.
            </summary>
        </member>
        <member name="P:Skybrud.Social.UptimeRobot.Models.Common.UptimeRobotPagination.Offset">
            <summary>
            Gets the offset of the returned page.
            </summary>
        </member>
        <member name="P:Skybrud.Social.UptimeRobot.Models.Common.UptimeRobotPagination.Limit">
            <summary>
            Gets the limit of the returned page.
            </summary>
        </member>
        <member name="P:Skybrud.Social.UptimeRobot.Models.Common.UptimeRobotPagination.Total">
            <summary>
            Gets the total amount of items.
            </summary>
        </member>
        <member name="M:Skybrud.Social.UptimeRobot.Models.Common.UptimeRobotPagination.#ctor(Newtonsoft.Json.Linq.JObject)">
            <summary>
            Initializes a new instance from the specified <paramref name="obj"/>.
            </summary>
            <param name="obj">The instance of <see cref="T:Newtonsoft.Json.Linq.JObject"/> representing the object.</param>
        </member>
        <member name="M:Skybrud.Social.UptimeRobot.Models.Common.UptimeRobotPagination.Parse(Newtonsoft.Json.Linq.JObject)">
            <summary>
            Parses the specified <paramref name="obj"/> into an instance of <see cref="T:Skybrud.Social.UptimeRobot.Models.Common.UptimeRobotPagination"/>.
            </summary>
            <param name="obj">The instance of <see cref="T:Newtonsoft.Json.Linq.JObject"/> to be parsed.</param>
            <returns>An instance of <see cref="T:Skybrud.Social.UptimeRobot.Models.Common.UptimeRobotPagination"/>.</returns>
        </member>
        <member name="T:Skybrud.Social.UptimeRobot.Models.UptimeRobotStatus">
            <summary>
            Enum class representing the status of a call to the Uptime Robot API.
            </summary>
        </member>
        <member name="F:Skybrud.Social.UptimeRobot.Models.UptimeRobotStatus.Ok">
            <summary>
            Indicates that a request to the Uptime Robot API succeeded.
            </summary>
        </member>
        <member name="F:Skybrud.Social.UptimeRobot.Models.UptimeRobotStatus.Fail">
            <summary>
            Indicates that a request to the Uptime Robot API failed.
            </summary>
        </member>
        <member name="T:Skybrud.Social.UptimeRobot.Options.UptimeRobotGetMonitorsOptions">
            <summary>
            Class representing the options for a call to get the monitors of the current user.
            </summary>
        </member>
        <member name="P:Skybrud.Social.UptimeRobot.Options.UptimeRobotGetMonitorsOptions.Monitors">
            <summary>
            Gets or sets the IDs of the monitors that should be returned. If not specified, all monitors will be
            returned.
            </summary>
        </member>
        <member name="P:Skybrud.Social.UptimeRobot.Options.UptimeRobotGetMonitorsOptions.Types">
            <summary>
            Gets or sets the type(s) of monitors to be returned - eg. <see cref="F:Skybrud.Social.UptimeRobot.Models.Monitors.UptimeRobotMonitorType.Http"/>. If not
            specified, all monitors will be returned.
            </summary>
        </member>
        <member name="P:Skybrud.Social.UptimeRobot.Options.UptimeRobotGetMonitorsOptions.Statuses">
            <summary>
            Gets or sets the type(s) of monitors to be returned - eg. <see cref="F:Skybrud.Social.UptimeRobot.Models.Monitors.UptimeRobotMonitorStatus.Down"/>. If
            not specified, all monitors will be returned.
            </summary>
        </member>
        <member name="P:Skybrud.Social.UptimeRobot.Options.UptimeRobotGetMonitorsOptions.CustomUptimeRatios">
            <summary>
            Gets or sets an array of custom uptime ratios specified in days - eg. <c>7</c>, <c>30</c> or <c>45</c>.
            </summary>
        </member>
        <member name="P:Skybrud.Social.UptimeRobot.Options.UptimeRobotGetMonitorsOptions.AllTimeUptimeRatio">
            <summary>
            Gets or sets whether the <strong>all time uptime ratio</strong> should be returned. It will slow down the
            response a bit and, if not really necessary, it is suggested not to use it. Default is <c>false</c>.
            </summary>
        </member>
        <member name="P:Skybrud.Social.UptimeRobot.Options.UptimeRobotGetMonitorsOptions.AllTimeUptimeDurations">
            <summary>
            Gets or sets whether the <strong>all time durations of up-down-paused events</strong> should be returned.
            It will slow down the response a bit and, if not really necessary, it is suggested not to use it. Default
            is <c>false</c>.
            </summary>
        </member>
        <member name="P:Skybrud.Social.UptimeRobot.Options.UptimeRobotGetMonitorsOptions.Logs">
            <summary>
            Gets or sets whether the log of each monitor should be returned. Default value is <c>false</c>.
            </summary>
        </member>
        <member name="P:Skybrud.Social.UptimeRobot.Options.UptimeRobotGetMonitorsOptions.Offset">
            <summary>
            Gets or sets the offset of the page to be returned. Default value is <c>0</c>.
            </summary>
        </member>
        <member name="P:Skybrud.Social.UptimeRobot.Options.UptimeRobotGetMonitorsOptions.Limit">
            <summary>
            Gets or sets the maximum amount of monitors to be returned by the API. Default and maximum value is <c>50</c>.
            </summary>
        </member>
        <member name="M:Skybrud.Social.UptimeRobot.Options.UptimeRobotGetMonitorsOptions.GetQueryString">
            <summary>
            Gets an instance of <see cref="T:Skybrud.Social.Interfaces.Http.IHttpQueryString"/> representing the GET parameters.
            </summary>
        </member>
        <member name="M:Skybrud.Social.UptimeRobot.Options.UptimeRobotGetMonitorsOptions.GetPostData">
            <summary>
            Gets an instance of <see cref="T:Skybrud.Social.Interfaces.Http.IHttpPostData"/> representing the POST parameters.
            </summary>
        </member>
        <member name="T:Skybrud.Social.UptimeRobot.Responses.Accounts.UptimeRobotGetAccountDetailsResponse">
            <summary>
            Class representing the response of a request to get account details of a Uptime Robot user.
            </summary>
        </member>
        <member name="M:Skybrud.Social.UptimeRobot.Responses.Accounts.UptimeRobotGetAccountDetailsResponse.ParseResponse(Skybrud.Social.Http.SocialHttpResponse)">
            <summary>
            Parses the specified <paramref name="response"/> into an instance of <see cref="T:Skybrud.Social.UptimeRobot.Responses.Accounts.UptimeRobotGetAccountDetailsResponse"/>.
            </summary>
            <param name="response">The response to be parsed.</param>
            <returns>An instance of <see cref="T:Skybrud.Social.UptimeRobot.Responses.Accounts.UptimeRobotGetAccountDetailsResponse"/>.</returns>
        </member>
        <member name="T:Skybrud.Social.UptimeRobot.Responses.Monitors.UptimeRobotGetMonitorsResponse">
            <summary>
            Class representing the response of a call to get a list of monitors of a Uptime Robot user.
            </summary>
        </member>
        <member name="M:Skybrud.Social.UptimeRobot.Responses.Monitors.UptimeRobotGetMonitorsResponse.ParseResponse(Skybrud.Social.Http.SocialHttpResponse)">
            <summary>
            Parses the specified <paramref name="response"/> into an instance of <see cref="T:Skybrud.Social.UptimeRobot.Responses.Monitors.UptimeRobotGetMonitorsResponse"/>.
            </summary>
            <param name="response">The response to be parsed.</param>
            <returns>An instance of <see cref="T:Skybrud.Social.UptimeRobot.Responses.Monitors.UptimeRobotGetMonitorsResponse"/>.</returns>
        </member>
        <member name="T:Skybrud.Social.UptimeRobot.Responses.UptimeRobotResponse">
            <summary>
            Class representing a response from the Uptime Robot API.
            </summary>
        </member>
        <member name="M:Skybrud.Social.UptimeRobot.Responses.UptimeRobotResponse.#ctor(Skybrud.Social.Http.SocialHttpResponse)">
            <summary>
            Initializes a new instance of from the specified <paramref name="response"/>.
            </summary>
            <param name="response">The response to be parsed.</param>
        </member>
        <member name="M:Skybrud.Social.UptimeRobot.Responses.UptimeRobotResponse.ValidateResponse(Skybrud.Social.Http.SocialHttpResponse)">
            <summary>
            Validates the specified <paramref name="response"/>.
            </summary>
            <param name="response">The response to be validated.</param>
        </member>
        <member name="T:Skybrud.Social.UptimeRobot.Responses.UptimeRobotResponse`1">
            <summary>
            Class representing a response from the Uptime Robot API.
            </summary>
        </member>
        <member name="P:Skybrud.Social.UptimeRobot.Responses.UptimeRobotResponse`1.Body">
            <summary>
            Gets the body of the response.
            </summary>
        </member>
        <member name="M:Skybrud.Social.UptimeRobot.Responses.UptimeRobotResponse`1.#ctor(Skybrud.Social.Http.SocialHttpResponse)">
            <summary>
            Initializes a new instance of from the specified <paramref name="response"/>.
            </summary>
            <param name="response">The response to be parsed.</param>
        </member>
        <member name="T:Skybrud.Social.UptimeRobot.UptimeRobotClient">
            <summary>
            Class representing the raw client to communicate with the Uptime Robot API.
            </summary>
        </member>
        <member name="P:Skybrud.Social.UptimeRobot.UptimeRobotClient.ApiKey">
            <summary>
            Gets or sets the API key of the client.
            </summary>
        </member>
        <member name="P:Skybrud.Social.UptimeRobot.UptimeRobotClient.Accounts">
            <summary>
            Gets a reference to the raw accounts endpoint.
            </summary>
        </member>
        <member name="P:Skybrud.Social.UptimeRobot.UptimeRobotClient.Monitors">
            <summary>
            Gets a reference to the raw monitors endpoint.
            </summary>
        </member>
        <member name="M:Skybrud.Social.UptimeRobot.UptimeRobotClient.#ctor">
            <summary>
            Initializes a new client with default options.
            </summary>
        </member>
        <member name="M:Skybrud.Social.UptimeRobot.UptimeRobotClient.#ctor(System.String)">
            <summary>
            Initializes a new client with the specified <paramref name="apiKey"/>.
            </summary>
            <param name="apiKey">The API key of your user.</param>
        </member>
        <member name="M:Skybrud.Social.UptimeRobot.UptimeRobotClient.PrepareHttpRequest(Skybrud.Social.Http.SocialHttpRequest)">
            <summary>
            Updates new HTTP requests with information specific to the Uptime Robot. If an <see cref="P:Skybrud.Social.UptimeRobot.UptimeRobotClient.ApiKey"/> is
            specified, the value is appended to the HTTP post data to authenticate your requests.
            </summary>
            <param name="request">The request.</param>
        </member>
        <member name="T:Skybrud.Social.UptimeRobot.UptimeRobotService">
            <summary>
            Service implementation of the Uptime Robot API.
            </summary>
        </member>
        <member name="P:Skybrud.Social.UptimeRobot.UptimeRobotService.Client">
            <summary>
            Gets a referencer to the underlying client.
            </summary>
        </member>
        <member name="P:Skybrud.Social.UptimeRobot.UptimeRobotService.Accounts">
            <summary>
            Gets a reference to the accounts endpoint.
            </summary>
        </member>
        <member name="P:Skybrud.Social.UptimeRobot.UptimeRobotService.Monitors">
            <summary>
            Gets a reference to the monitors endpoint.
            </summary>
        </member>
        <member name="M:Skybrud.Social.UptimeRobot.UptimeRobotService.CreateFromApiKey(System.String)">
            <summary>
            Initializes a new service based on the specified <paramref name="apiKey"/>.
            </summary>
            <param name="apiKey">The API key of an Uptime Robot user.</param>
        </member>
        <member name="M:Skybrud.Social.UptimeRobot.UptimeRobotService.CreateFromOAuthClient(Skybrud.Social.UptimeRobot.UptimeRobotClient)">
            <summary>
            Initializes a new service based on the specified <paramref name="client"/>.
            </summary>
            <param name="client">The client to use.</param>
        </member>
    </members>
</doc>
